<?xml version="1.0" encoding="utf-8"?>
<component size="96,65">
  <controller name="vertical" pages="0,,1," selected="0"/>
  <controller name="horizontal" pages="0,,1," selected="0"/>
  <displayList>
    <component id="n0_oepp" name="check_vertical" src="rm0l7v" fileName="Button/Checkbox_as.xml" pkg="nk9ejx23" xy="6,11" size="47,19" group="n22_xt9g">
      <Button title="上下" controller="vertical" page="1"/>
    </component>
    <component id="n2_oepp" name="up" src="oepp7" fileName="PosColor.xml" xy="21,30" group="n22_xt9g">
      <gearDisplay controller="vertical" pages="1"/>
    </component>
    <component id="n19_oepp" name="down" src="oepp7" fileName="PosColor.xml" xy="21,49" group="n22_xt9g">
      <gearDisplay controller="vertical" pages="1"/>
      <Label title="下"/>
    </component>
    <group id="n22_xt9g" name="n22" xy="6,11" size="47,19" advanced="true" layout="vt" excludeInvisibles="true"/>
    <component id="n16_oepp" name="check_horizontal" src="rm0l7v" fileName="Button/Checkbox_as.xml" pkg="nk9ejx23" xy="6,38" size="47,19" group="n23_xt9g">
      <relation target="" sidePair="left-left,top-top"/>
      <Button title="左右" controller="horizontal" page="1"/>
    </component>
    <component id="n20_oepp" name="left" src="oepp7" fileName="PosColor.xml" xy="25,57" group="n23_xt9g">
      <gearDisplay controller="horizontal" pages="1"/>
      <Label title="左"/>
    </component>
    <component id="n21_oepp" name="right" src="oepp7" fileName="PosColor.xml" xy="25,76" group="n23_xt9g">
      <gearDisplay controller="horizontal" pages="1"/>
      <Label title="右"/>
    </component>
    <group id="n23_xt9g" name="n23" xy="6,38" size="47,19" advanced="true" layout="vt" excludeInvisibles="true">
      <relation target="n22_xt9g" sidePair="left-left,top-bottom"/>
    </group>
  </displayList>
  <relation target="n23_xt9g" sidePair="bottomext-bottom"/>
</component>