<?xml version="1.0" encoding="utf-8"?>
<component size="100,20" extention="ComboBox">
  <controller name="button" pages="0,up,1,down,2,over,3,selectedOver" selected="0"/>
  <controller name="grayed" pages="0,,1," selected="0"/>
  <displayList>
    <graph id="n1" name="n1" xy="0,0" size="100,20" type="rect" lineColor="#ff515151" fillColor="#ff454545">
      <gearDisplay controller="button" pages="0,2"/>
      <relation target="" sidePair="width-width,height-height"/>
    </graph>
    <graph id="n2" name="n2" xy="0,0" size="100,20" type="rect" lineColor="#ff292828" fillColor="#ff454545">
      <gearDisplay controller="button" pages="1,3"/>
      <relation target="" sidePair="width-width,height-height"/>
    </graph>
    <graph id="n5" name="n5" xy="0,0" size="100,20" type="rect" lineColor="#ff555555" fillColor="#00454545">
      <gearDisplay controller="grayed" pages="1"/>
      <relation target="" sidePair="width-width,height-height"/>
    </graph>
    <text id="n4" name="title" xy="2,0" size="78,19" fontSize="12" color="#bdbdbd" autoSize="none" singleLine="true" text="">
      <gearColor controller="grayed" pages="1" values="#878787,#000000" default="#bdbdbd,#000000"/>
      <relation target="" sidePair="width-width,height-height"/>
    </text>
    <image id="n6_e4p4" name="n6" src="e4p48q" fileName="ComboBox/images/dropdown_arrow.svg" xy="83,3">
      <gearColor controller="grayed" pages="1" values="#a7a7a7" default="#ffffff"/>
      <relation target="" sidePair="right-right"/>
    </image>
  </displayList>
  <ComboBox dropdown="ui://nk9ejx23gcza1a"/>
</component>