<?xml version="1.0" encoding="utf-8"?>
<component size="30,16" extention="Button" bgColorEnabled="true" bgColor="#383838">
  <controller name="button" pages="0,up,1,down,2,over,3,selectedOver" selected="0"/>
  <controller name="mode" exported="true" pages="0,,1," selected="1"/>
  <displayList>
    <image id="n2" name="n2" src="au3n6b" fileName="ColorPicker/images/a17.png" xy="0,0" size="30,16">
      <gearDisplay controller="mode" pages="0"/>
      <relation target="" sidePair="width-width,height-height"/>
    </image>
    <graph id="n1" name="n1" xy="0,0" size="30,16" type="rect">
      <gearDisplay controller="mode" pages="0"/>
      <relation target="" sidePair="width-width,height-height"/>
    </graph>
    <loader id="n3_nbr4" name="icon" xy="0,0" size="30,16" url="ui://nk9ejx23t64x7iuez" align="center" vAlign="middle">
      <gearDisplay controller="mode" pages="1"/>
      <relation target="" sidePair="width-width,height-height"/>
    </loader>
  </displayList>
  <Button/>
</component>