<?xml version="1.0" encoding="utf-8"?>
<component size="85,25" extention="Button" bgColorEnabled="true" bgColor="#383838">
  <controller name="button" pages="0,up,1,down,2,over,3,selectedOver" selected="0"/>
  <controller name="grayed" pages="0,,1," selected="0"/>
  <displayList>
    <image id="n5_f37u" name="n5" src="phl68y" fileName="Button/images/button_up.png" xy="0,0" size="85,25">
      <gearDisplay controller="button" pages="0,2"/>
      <relation target="" sidePair="width-width,height-height"/>
    </image>
    <image id="n6_f37u" name="n6" src="phl68z" fileName="Button/images/button_down.png" xy="0,0" size="85,25">
      <gearDisplay controller="button" pages="1,3"/>
      <relation target="" sidePair="width-width,height-height"/>
    </image>
    <text id="n4" name="title" xy="0,1" size="85,23" fontSize="12" color="#bdbdbd" align="center" vAlign="middle" autoSize="none" singleLine="true" autoClearText="true" text="确定">
      <gearColor controller="grayed" pages="0,1" values="#bdbdbd,#000000|#878787,#000000"/>
      <relation target="" sidePair="width-width,height-height"/>
    </text>
  </displayList>
  <Button/>
</component>