<?xml version="1.0" encoding="utf-8"?>
<component size="62,19" extention="Button" bgColorEnabled="true" bgColor="#383838">
  <controller name="button" pages="0,up,1,down,2,over,3,selectedOver,10,disabled,11,selectedDisabled" selected="0"/>
  <displayList>
    <image id="n1" name="n1" src="t64x7iues" fileName="Button/images/checkbox_up.png" xy="0,3" size="14,14">
      <gearDisplay controller="button" pages="0,1,2,3"/>
    </image>
    <image id="n8_lgdb" name="n8" src="lgdb7iufk" fileName="Button/images/checkbox_disabled.png" xy="0,3">
      <gearDisplay controller="button" pages="10,11"/>
    </image>
    <image id="n7" name="n7" src="kwng7e" fileName="Button/images/gou.png" xy="3,6">
      <gearDisplay controller="button" pages="1,3,11"/>
    </image>
    <text id="n5" name="title" xy="16,0" size="45,19" fontSize="12" color="#bdbdbd" vAlign="middle" autoSize="none" singleLine="true" autoClearText="true" text="Title">
      <gearColor controller="button" pages="10,11" values="#878787,#000000|#878787,#000000" default="#bdbdbd,#000000"/>
      <relation target="" sidePair="width-width,height-height"/>
    </text>
  </displayList>
  <Button mode="Check"/>
</component>