<?xml version="1.0" encoding="utf-8"?>
<component size="16,24" extention="Button">
  <controller name="button" pages="0,up,1,down,2,over,3,selectedOver" selected="0"/>
  <displayList>
    <graph id="n3" name="n3" xy="0,0" size="16,24" type="rect" lineColor="#ff666666" fillColor="#ff292929">
      <gearDisplay controller="button" pages="1,3"/>
      <relation target="" sidePair="width-width,height-height"/>
    </graph>
    <text id="n0" name="title" xy="3,3" size="10,18" fontSize="12" color="#bdbdbd" align="center" vAlign="middle" singleLine="true" text=""/>
  </displayList>
  <Button mode="Check"/>
  <relation target="n0" sidePair="width-width"/>
</component>