<?xml version="1.0" encoding="utf-8"?>
<component size="27,19" extention="Button">
  <controller name="button" pages="0,up,1,down,2,over,3,selectedOver" selected="1"/>
  <displayList>
    <image id="n1" name="n1" src="phl690" fileName="Button/images/radio_up.png" xy="1,3" aspect="true">
      <gearDisplay controller="button" pages="0,2"/>
    </image>
    <image id="n2" name="n2" src="phl691" fileName="Button/images/radio_down.png" xy="1,3" aspect="true">
      <gearDisplay controller="button" pages="1,3"/>
    </image>
    <text id="n5" name="title" xy="17,1" size="10,18" fontSize="12" color="#bdbdbd" singleLine="true" text=""/>
  </displayList>
  <Button mode="Radio"/>
  <relation target="n5" sidePair="width-width"/>
</component>