<?xml version="1.0" encoding="utf-8"?>
<component size="103,22" extention="Button" bgColorEnabled="true">
	<controller name="button" pages="0,up,1,down,2,over,3,selectedOver" selected="0"/>
	<controller name="checked" pages="0,,1,,2," selected="0"/>
	<controller name="grayed" pages="0,,1," selected="0"/>
	<displayList>
		<image id="n14" name="n14" src="kwng7m" fileName="/Menu/8.png" xy="0,0" size="103,22">
			<gearDisplay controller="button" pages="1,2,3"/>
			<relation target="" sidePair="width-width,height-height"/>
		</image>
		<text id="n1" name="title" xy="22,2" size="73,19" fontSize="12" autoSize="none" singleLine="true" autoClearText="true" text="菜单">
			<gearColor controller="grayed" pages="1" values="#aaaaaa,#000000" default="#000000,#000000"/>
			<relation target="" sidePair="width-width,height-height"/>
		</text>
		<loader id="n3" name="icon" xy="1,1" size="16,20" align="center" vAlign="middle"/>
		<image id="n13" name="n13" src="au3n6p" fileName="/Menu/18.png" xy="3,7" aspect="true">
			<gearDisplay controller="checked" pages="2"/>
		</image>
		<text id="n15" name="shortcut" xy="35,2" size="60,19" fontSize="12" align="right" autoSize="none" singleLine="true" autoClearText="true" text="快捷键">
			<gearColor controller="grayed" pages="1" values="#aaaaaa,#000000" default="#000000,#000000"/>
			<relation target="" sidePair="width-width,height-height"/>
		</text>
		<image id="n16_nisj" name="arrow" src="nisj98" fileName="/Menu/ub_arrow.svg" xy="91,6" visible="false">
			<relation target="" sidePair="right-right"/>
		</image>
	</displayList>
	<Button mode="Radio"/>
</component>