<?xml version="1.0" encoding="utf-8"?>
<component size="88,22" extention="Button">
  <controller name="button" pages="0,up,1,down,2,over,3,selectedOver" selected="0"/>
  <controller name="editing" pages="0,,1," selected="0"/>
  <controller name="expanded" pages="0,,1," selected="0"/>
  <controller name="leaf" pages="0,,1," selected="0"/>
  <displayList>
    <image id="n0" name="n0" src="au3n4v" fileName="List/images/listitem_hover.png" xy="0,0" size="88,22">
      <gearDisplay controller="button" pages="2"/>
      <relation target="" sidePair="height-height,width-width"/>
    </image>
    <image id="n1" name="n1" src="au3n50" fileName="List/images/listitem_selected.png" xy="0,0" size="88,22">
      <gearDisplay controller="button" pages="1,3"/>
      <relation target="" sidePair="height-height,width-width"/>
    </image>
    <text id="n2" name="title" xy="50,0" size="37,22" fontSize="12" color="#bdbdbd" vAlign="middle" ubb="true" autoSize="none" singleLine="true" text="">
      <gearDisplay controller="editing" pages="0"/>
      <gearColor controller="button" pages="0,1,2,3" values="#bdbdbd,#000000|#ffffff,#000000|#bdbdbd,#000000|#ffffff,#000000"/>
      <relation target="" sidePair="width-width,height-height"/>
      <relation target="n6" sidePair="leftext-right"/>
    </text>
    <graph id="n3" name="indent" xy="0,1" size="16,20"/>
    <loader id="n6" name="icon" xy="30,1" size="20,20" url="ui://nk9ejx23evbu7iuff" align="center" vAlign="middle" fill="scale" shrinkOnly="true">
      <relation target="n3" sidePair="left-right"/>
    </loader>
    <image id="n8" name="n8" src="gcza1r" fileName="Input/input_bg.png" xy="50,0" size="38,22" group="n9">
      <relation target="" sidePair="width-width"/>
      <relation target="n6" sidePair="leftext-right"/>
    </image>
    <text id="n7" name="input" xy="51,1" size="36,20" group="n9" fontSize="12" color="#bdbdbd" autoSize="none" singleLine="true" text="" input="true">
      <relation target="" sidePair="width-width"/>
      <relation target="n6" sidePair="leftext-right"/>
    </text>
    <group id="n9" name="n9" xy="50,0" size="38,22" advanced="true">
      <gearDisplay controller="editing" pages="1"/>
    </group>
    <component id="n10" name="expandButton" src="au3n5n" fileName="Tree/TreeExpandButton.xml" xy="15,3">
      <gearDisplay controller="leaf" pages="0"/>
      <relation target="n3" sidePair="left-right"/>
      <Button controller="expanded" page="1"/>
    </component>
    <loader id="n11_r74d" name="sign" xy="44,15" size="6,6">
      <relation target="n6" sidePair="left-left,top-top"/>
    </loader>
  </displayList>
  <Button mode="Radio"/>
</component>