<?xml version="1.0" encoding="utf-8"?>
<component size="15,15" extention="Button">
  <controller name="button" pages="0,up,1,down,2,over,3,selectedOver" selected="1"/>
  <displayList>
    <image id="n1" name="n1" src="gcza2l" fileName="Tree/i3.svg" xy="1,1" aspect="true">
      <gearDisplay controller="button" pages="0,2"/>
    </image>
    <image id="n2" name="n2" src="gcza2p" fileName="Tree/i4.svg" xy="1,1" aspect="true">
      <gearDisplay controller="button" pages="1,3"/>
    </image>
  </displayList>
  <Button mode="Check"/>
</component>