<?xml version="1.0" encoding="utf-8"?>
<component size="60,20" extention="Label">
  <controller name="grayed" pages="0,,1," selected="0"/>
  <displayList>
    <image id="n0" name="n0" src="gcza1r" fileName="Input/input_bg.png" xy="0,0" size="60,20">
      <gearDisplay controller="grayed" pages="0"/>
      <relation target="" sidePair="width-width,height-height"/>
    </image>
    <image id="n4" name="n4" src="au3n6s" fileName="Input/input_bg_grayed.png" xy="0,0" size="60,20">
      <gearDisplay controller="grayed" pages="1"/>
      <relation target="" sidePair="width-width,height-height"/>
    </image>
    <graph id="n3" name="holder" xy="0,0" size="60,20" type="rect" lineSize="0" fillColor="#00ffffff">
      <relation target="" sidePair="width-width,height-height"/>
    </graph>
    <text id="n1" name="title" xy="1,0" size="58,19" fontSize="12" color="#bdbdbd" vAlign="middle" autoSize="none" singleLine="true" text="" input="true">
      <relation target="" sidePair="width-width,height-height"/>
    </text>
  </displayList>
</component>