<?xml version="1.0" encoding="utf-8"?>
<component size="71,20" extention="Label">
  <controller name="grayed" pages="0,,1," selected="0"/>
  <controller name="noBorder" exported="true" pages="0,,1," selected="0"/>
  <controller name="showClear" exported="true" pages="0,,1," selected="0"/>
  <displayList>
    <image id="n0" name="n0" src="gcza1r" fileName="Input/input_bg.png" xy="0,0" size="71,20" group="n5_tliu">
      <gearDisplay controller="grayed" pages="0"/>
      <relation target="" sidePair="width-width,height-height"/>
    </image>
    <image id="n4" name="n4" src="au3n6s" fileName="Input/input_bg_grayed.png" xy="0,0" size="71,20" group="n5_tliu">
      <gearDisplay controller="grayed" pages="1"/>
      <relation target="" sidePair="width-width,height-height"/>
    </image>
    <group id="n5_tliu" name="n5" xy="0,0" size="71,20" advanced="true">
      <gearDisplay controller="noBorder" pages="0"/>
    </group>
    <text id="n1" name="title" xy="1,0" size="69,20" fontSize="12" color="#bdbdbd" vAlign="middle" autoSize="none" singleLine="true" text="" input="true">
      <relation target="" sidePair="width-width,height-height"/>
    </text>
    <component id="n6_t5zw" name="clear" src="dp9p97" fileName="Button/FlatIconButton_nobg.xml" xy="53,2" size="16,17">
      <gearDisplay controller="showClear" pages="1"/>
      <relation target="" sidePair="left-right"/>
      <Button icon="ui://nk9ejx23e4cx7iuej"/>
    </component>
  </displayList>
</component>