<?xml version="1.0" encoding="utf-8"?>
<component size="60,60" extention="Button">
  <controller name="button" pages="0,up,1,down,2,over,3,selectedOver,4,disabled,5,selectedDisabled" selected="0"/>
  <displayList>
    <image id="n1" name="n1" src="au3n50" fileName="List/images/listitem_selected.png" xy="0,0" size="60,60" aspect="true">
      <gearDisplay controller="button" pages="1,3"/>
      <relation target="" sidePair="width-width,height-height"/>
    </image>
    <component id="n2" name="title" src="ep4rixicuv" fileName="Input/ListItemInputCenter.xml" xy="0,40" size="60,20">
      <gearColor controller="button" pages="1,3,4,5" values="#ffffff|#ffffff|#333333|#333333" default="#bdbdbd"/>
      <relation target="" sidePair="width-width,bottom-bottom"/>
    </component>
    <loader id="n3_d8p0" name="icon" xy="14,3" size="32,32" align="center" vAlign="middle" fill="scale" shrinkOnly="true">
      <relation target="" sidePair="width-width,height-height"/>
    </loader>
    <loader id="n4_o3nq" name="sign" xy="27,34" size="6,6">
      <relation target="" sidePair="center-center,bottom-bottom"/>
    </loader>
  </displayList>
  <Button mode="Radio"/>
</component>