{
  "path": "..",
  "branchPath": "",
  "fileExtension": "bytes",
  "packageCount": 2,
  "compressDesc": true,
  "binaryFormat": true,
  "jpegQuality": 80,
  "compressPNG": false,
  "codeGeneration": {
    "allowGenCode": true,
    "codePath": "",
    "classNamePrefix": "UI_",
    "memberNamePrefix": "m_",
    "packageName": null,
    "ignoreNoname": true,
    "getMemberByName": false,
    "codeType": ""
  },
  "includeHighResolution": 0,
  "branchProcessing": 0,
  "atlasSetting": {
    "maxSize": 2048,
    "paging": true,
    "sizeOption": "npot",
    "forceSquare": false,
    "allowRotation": false,
    "trimImage": true
  },
  "include2x": false,
  "include3x": false,
  "include4x": false,
  "fileName": "Publish"
}